year,country,iso3,crude_birth_rate,crude_death_rate,govt_health_capex_musd,hiv_deaths,hiv_prevalence,immunization_dpt,immunization_measles,infant_mortality,life_expectancy,life_expectancy_female,life_expectancy_male,malaria_cases,maternal_mortality,nurses_midwives_per_1000,pharma_workers_per_1000,physicians_per_1000,tb_prevalence,under5_mortality,undernourished_pct,underweight_children_pct,temp_c,precip_mm,wb_population,wb_gdp_per_capita,wb_sanitation_pct,wb_agriculture_pct_gdp,log_capex_per_capita,log_gdp_per_capita,sanitation_pct,agriculture_pct_gdp
2004,Brunei Darussalam,BRN,19.9,2.8,13.6,,,91.7,99.0,8.8,76.05,77.5,74.6,,,5.412,0.115,1.302,,9.8,5.0,,26.248169398907105,2588.6,352911.0,24423.0946995548,77.5813881826402,1.17049480864283,3.677227538816638,10.10332541172274,77.5813881826402,1.17049480864283
2005,Brunei Darussalam,BRN,18.7,2.9,13.8,,,99.7,97.4,7.4,75.75,77.3,74.2,,14.4,5.543,0.113,1.078,224.0,9.5,5.0,35.2,26.339342465753425,2768.59,358916.0,29386.2703822862,78.7980235839323,0.974611267785546,3.675011432822002,10.288316879369436,78.7980235839323,0.974611267785546
2006,Brunei Darussalam,BRN,17.0,2.9,14.5,,,100.0,100.0,6.6,76.7,77.5,75.9,,30.4,5.351,0.111,1.084,240.0,9.2,5.0,,26.331616438356168,3014.79,364663.0,34674.7995236452,80.0146589852238,0.754742504053329,3.7077684250535605,10.45379730255658,80.0146589852238,0.754742504053329
2007,Brunei Darussalam,BRN,16.2,3.0,19.9,,,99.0,96.8,7.6,76.5,77.8,75.2,,34.2,5.114,0.112,1.05,272.0,9.5,5.0,,26.25427397260274,3285.56,370873.0,36217.3290706015,81.2312943865159,0.726342513402553,4.001080621148935,10.497320597590303,81.2312943865159,0.726342513402553
2008,Brunei Darussalam,BRN,17.1,2.9,21.2,,,99.0,97.0,7.0,78.19999999999999,79.8,76.6,,0.0,5.097,0.118,1.481,286.0,9.5,5.0,,26.166803278688523,3289.01,377793.0,42156.5685838672,82.4479297878079,0.69216612734937,4.04507353638729,10.649169510391554,82.4479297878079,0.69216612734937
2009,Brunei Darussalam,BRN,17.4,3.1,20.6,,,99.0,99.0,7.4,77.5,77.9,77.1,,16.3,5.079,0.109,1.15,291.0,8.2,5.0,,26.3841095890411,3110.92,384952.0,30946.4673773828,83.6645651890999,0.979917546380161,3.9984422372264747,10.340046445277704,83.6645651890999,0.979917546380161
2010,Brunei Darussalam,BRN,16.6,3.1,22.0,,,95.4,94.4,6.1,77.15,77.8,76.5,,15.6,7.391,0.109,1.431,311.0,7.2,5.0,29.1,26.43495890410959,3443.81,392332.0,34937.5555357155,84.8812005903915,0.733349877488411,4.0443654376935,10.461346241554581,84.8812005903915,0.733349877488411
2011,Brunei Darussalam,BRN,17.1,3.1,23.8,,,97.0,91.0,8.3,77.05,78.5,75.6,,,7.856,0.12,1.522,,10.0,5.0,,26.22147945205479,3200.61,399389.0,46382.8274255349,86.0978359916835,0.572775314042004,4.1041467846016815,10.744706130594299,86.0978359916835,0.572775314042004
2012,Brunei Darussalam,BRN,17.3,3.0,20.8,,,95.4,98.6,9.3,78.1,79.9,76.3,,,8.195,0.412,1.47,,10.3,5.0,,26.333633879781424,2864.98,405557.0,46968.5971164922,87.3144713929755,0.655156683935105,3.956757118075665,10.757255801519749,87.3144713929755,0.655156683935105
2013,Brunei Darussalam,BRN,16.4,3.4,20.8,,,99.6,96.0,7.6,77.05000000000001,78.4,75.7,,27.0,,,,,9.7,5.0,,26.316657534246573,3008.21,411202.0,44003.0644273461,88.5311067942671,0.684937439812632,3.943200139392033,10.692037281983017,88.5311067942671,0.684937439812632
2014,Brunei Darussalam,BRN,16.7,3.6,20.5,,,99.0,97.0,7.4,77.35,78.8,75.9,,,,,,,8.7,5.0,,26.289917808219176,2602.44,416750.0,41026.5084247957,89.7477421955591,0.862827317122997,3.915819030750826,10.621998057898852,89.7477421955591,0.862827317122997
2004,Cambodia,KHM,33.6,10.0,0.9,,1.2000000000000002,,80.0,76.0,60.3,63.4,57.2,800.0,,0.877,0.0435,0.20600000000000002,510.0,,22.1,,28.424808743169397,1329.52,13244731.0,444.199067529081,19.4886033113327,26.6286627547039,0.06574237428507355,6.098521524900277,19.4886033113327,26.6286627547039
2005,Cambodia,KHM,28.5,8.9,0.4,7600.0,1.1,,76.9,66.0,61.0,64.1,57.9,600.0,472.0,0.86825,0.042875,0.2155,676.0,83.0,20.8,28.4,28.40767123287671,1300.69,13439202.0,525.797325120926,22.4997083184805,27.4457888917427,0.029329331235405834,6.266815892257386,22.4997083184805,27.4457888917427
2006,Cambodia,KHM,28.5,8.8,4.3,,1.04,,78.0,,61.75,64.9,58.6,720.0,,0.8594999999999999,0.04225,0.225,664.0,,19.6,,28.123342465753424,1589.45,13639028.0,612.252648550727,25.5284652809793,26.2857429362019,0.27404328568175845,6.418777002005305,25.5284652809793,26.2857429362019
2007,Cambodia,KHM,26.4,9.0,133.4,,0.9800000000000001,82.0,79.0,70.0,62.449999999999996,65.6,59.3,,,0.85075,0.041625,0.2345,697.0,,18.3,,28.33750684931507,1119.62,13841770.0,731.692295125426,28.5752843908418,25.4656283422573,2.3643850974427774,6.596725825381715,28.5752843908418,25.4656283422573
2008,Cambodia,KHM,24.7,8.3,203.4,,0.92,82.0,80.0,60.0,63.15,66.3,60.0,,,0.842,0.041,0.244,693.0,,17.5,28.8,28.03120218579235,1167.39,14053479.0,866.283999789749,31.6569911125652,28.0340869915092,2.7391149572094915,6.765366489220629,31.6569911125652,28.0340869915092
2009,Cambodia,KHM,24.7,8.2,169.6,,0.8600000000000001,94.0,81.0,60.0,63.85,67.0,60.7,,,0.851,0.039,0.237,681.0,,17.1,,28.51635616438356,854.66,14276810.0,875.748936193569,34.8431292661324,28.0893239418879,2.5556294799163557,6.776220675667477,34.8431292661324,28.0893239418879
2010,Cambodia,KHM,22.5,8.0,131.9,2600.0,0.8,92.0,81.9,44.9,64.55,67.7,61.4,407.0,206.0,0.853,0.038,0.229,749.0,54.0,17.0,29.0,28.946739726027396,1005.28,14500726.0,952.274616324008,38.0399288332331,27.8742916555508,2.312148843392672,6.859903021980445,38.0399288332331,27.8742916555508
2011,Cambodia,KHM,24.2,,148.1,,0.7666666666666667,94.0,93.0,36.0,65.2,68.4,62.0,,,0.87,0.038,0.226,817.0,43.0,16.8,,27.956739726027394,1234.16,14722584.0,1088.98152823081,41.2469119068715,28.0358544598065,2.403278524933068,6.993916028502356,41.2469119068715,28.0358544598065
2012,Cambodia,KHM,25.9,6.0,26.1,,0.7333333333333334,95.0,93.0,33.0,65.9,69.1,62.7,,,0.92,0.038,0.165,764.0,40.0,16.4,,28.34273224043716,1162.66,14945085.0,1192.80263041673,44.4635910579506,26.7953499375283,1.010288613455243,7.084898979130288,44.4635910579506,26.7953499375283
2013,Cambodia,KHM,25.7,6.0,19.1,,0.7,92.0,93.0,,66.6,69.8,63.4,,170.0,0.956,0.04,0.168,,,15.7,,28.33109589041096,1032.34,15170208.0,1305.6600972686,47.6891050739855,24.447155140413,0.8149429007779055,7.175229616503199,47.6891050739855,24.447155140413
2004,Indonesia,IDN,20.2,7.2,1107.5,,,86.5,77.2,33.9,68.7,70.7,66.7,,,0.8166666666666667,0.035833333333333335,0.13583333333333333,245.0,,18.7,19.7,27.1596174863388,2015.62,227926649.0,1126.84004447173,49.4772142680194,14.3357802955642,1.7679822447623192,7.02805961745645,49.4772142680194,14.3357802955642
2005,Indonesia,IDN,20.1,7.3,597.6,8800.0,0.2,84.6,72.5,28.9,69.1,71.1,67.1,100.0,268.0,0.8163333333333332,0.03766666666666667,0.13766666666666666,260.0,45.0,18.8,24.4,27.29967123287671,2119.02,230871650.0,1238.21447629488,51.4837806650068,13.1266186400506,1.277720689416153,7.122232971002534,51.4837806650068,13.1266186400506
2006,Indonesia,IDN,17.7,7.2,165.4,,0.24000000000000002,87.1,78.2,30.8,70.25,72.2,68.3,,,0.816,0.0395,0.13949999999999999,263.5,,18.8,,27.196794520547947,1657.91,233951652.0,1558.31562847163,53.5018961119134,12.9738027192484,0.5347278834518284,7.352002304289044,53.5018961119134,12.9738027192484
2007,Indonesia,IDN,18.7,6.3,99.8,,0.28,86.4,75.9,,70.4,72.4,68.4,,,0.8156666666666667,0.04133333333333333,0.14133333333333334,267.0,,18.5,19.6,27.216109589041093,2380.33,237062337.0,1823.21976255073,55.5300293728108,13.7166831034562,0.3513512194798722,7.508907647231247,55.5300293728108,13.7166831034562
2008,Indonesia,IDN,18.6,6.3,411.23333333333335,,0.32,86.1,75.5,,70.6,72.6,68.6,,,0.8153333333333332,0.043166666666666666,0.14316666666666666,270.5,,17.7,,26.97775956284153,2126.29,240157903.0,2124.55483920618,57.5678736084239,14.4817402607761,0.9978138029963375,7.661788148080543,57.5678736084239,14.4817402607761
2009,Indonesia,IDN,18.2,6.3,722.6666666666666,,0.36,89.1,77.2,,70.69999999999999,72.6,68.8,,,0.815,0.045,0.145,274.0,,15.9,,27.30931506849315,2120.29,243220028.0,2218.48541852977,59.6133891473514,15.290148146172,1.3790800353524337,7.705030654543012,59.6133891473514,15.290148146172
2010,Indonesia,IDN,18.2,7.0,1034.1,23000.0,0.4,89.8,77.7,34.0,70.95,72.9,69.0,196.0,169.0,1.062,0.075,0.14,277.5,42.0,13.5,18.6,27.339643835616435,2925.67,246305322.0,3065.68348377765,61.6611213279716,13.929212707137,1.6483600519122406,8.028351958194524,61.6611213279716,13.929212707137
2011,Indonesia,IDN,19.299999999999997,,1140.2,,0.4,89.1,76.9,34.0,69.4,71.1,67.7,,,1.2135,0.089,0.1705,281.0,32.0,11.1,,27.007397260273976,1741.11,249470032.0,3579.46442466152,63.6913657210041,13.5122870743946,1.7174828151405384,8.183247798539938,63.6913657210041,13.5122870743946
2012,Indonesia,IDN,20.4,6.3,1310.4,,0.4,90.0,78.0,27.2,69.4,71.1,67.7,,,1.365,0.103,0.201,297.0,40.0,9.3,,27.30065573770492,1845.94,252698525.0,3632.27254030331,65.7302519834107,13.3739742350727,1.822228186847047,8.197889047382532,65.7302519834107,13.3739742350727
2005,Lao PDR,LAO,34.7,9.8,,,0.2,,69.0,70.0,61.0,63.0,59.0,,405.0,0.996,,0.281,,97.6,29.5,,26.181753424657536,1152.69,5869523.0,466.061506997741,43.0065419549901,28.2951353434837,,6.146460955629618,43.0065419549901,28.2951353434837
2006,Lao PDR,LAO,33.7,9.4,,,0.22,,48.0,67.2,65.15,66.4,63.9,,,0.9632499999999999,,0.26,4269.0,93.0,26.9,31.6,26.468465753424656,891.02,5963200.0,579.391947440719,45.6181272062028,26.7296699146578,,6.36370364675927,45.6181272062028,26.7296699146578
2007,Lao PDR,LAO,32.6,9.1,,,0.24,50.0,40.0,64.4,65.7,67.0,64.4,,,0.9305,,0.23900000000000002,3523.2,88.6,25.6,,26.574082191780825,835.89,6056236.0,697.323013673925,48.2158994762992,25.788148677301,,6.548681766023701,48.2158994762992,25.788148677301
2008,Lao PDR,LAO,31.6,8.7,,,0.26,50.0,40.0,61.8,66.2,67.5,64.9,,,0.89775,,0.21800000000000003,2777.4,84.4,24.7,,24.988333333333333,1234.1,6148969.0,885.747376088762,50.8009551119223,24.1764814314586,,6.787560134629068,50.8009551119223,24.1764814314586
2009,Lao PDR,LAO,30.7,8.4,,,0.28,57.0,59.0,59.2,66.7,68.0,65.4,,,0.865,,0.197,2031.6000000000001,80.4,24.2,,26.16986301369863,929.09,6241642.0,935.03237283283,53.3715578045122,24.2053770855586,,6.841650062239359,53.3715578045122,24.2053770855586
2010,Lao PDR,LAO,22.8,6.3,23.1,,0.3,74.0,78.0,56.6,64.7,66.7,62.7,,280.0,0.864,,0.191,1285.8000000000002,76.4,22.8,,26.93019178082192,1030.76,6334194.0,1125.91610151261,55.92839334626,22.5957941345194,1.5361944837350718,7.027240067180488,55.92839334626,22.5957941345194
2011,Lao PDR,LAO,25.450000000000003,,14.4,,0.3,78.0,69.0,68.0,67.7,68.9,66.5,,,0.863,,0.185,540.0,79.0,21.4,26.5,24.7426301369863,1508.66,6426590.0,1361.54704394913,58.4713447138194,20.7912551864005,1.1757864646960159,7.217111053610419,58.4713447138194,20.7912551864005
2005,Malaysia,MYS,18.5,4.5,335.3,8400.0,0.7,95.3,68.30000000000001,6.6,73.80000000000001,76.2,71.4,21.0,28.0,2.228,0.14980000000000002,0.81,60.4,8.5,5.0,,25.40635616438356,2167.62,25836071.0,5555.58179951206,93.9630919319295,8.26229170422644,2.637483199021344,8.622738413926873,93.9630919319295,8.26229170422644
2006,Malaysia,MYS,18.1,4.5,372.4,,0.6799999999999999,96.4,65.4,6.1,73.9,76.3,71.5,19.7,27.5,2.378,0.16040000000000001,0.8476666666666667,62.1,7.9,5.0,12.9,25.305835616438355,2990.86,26417909.0,6158.40785533236,94.1271404616595,8.60998284136304,2.7144627929264016,8.725735924525923,94.1271404616595,8.60998284136304
2007,Malaysia,MYS,17.6,4.4,448.6,,0.6599999999999999,96.0,87.5,6.3,73.9,76.3,71.5,20.1,29.0,2.528,0.171,0.8853333333333333,62.2,7.9,5.0,,25.232301369863016,2573.77,26998389.0,7168.93031942508,94.287803077426,9.98677367962245,2.8687965799531017,8.877651215195687,94.287803077426,9.98677367962245
2008,Malaysia,MYS,20.4,4.5,520.1,,0.64,96.0,94.3,6.2,74.0,76.4,71.6,26.8,27.3,2.678,0.24533333333333335,0.923,63.5,8.0,5.0,,25.134098360655734,2912.42,27570059.0,8371.82156086005,94.4451244256703,9.96858233467411,2.9889426584663346,9.032746210722125,94.4451244256703,9.96858233467411
2009,Malaysia,MYS,20.0,4.5,782.8,,0.62,95.0,96.9,6.9,74.05,76.5,71.6,,27.0,2.943,0.31966666666666665,1.048,64.9,8.5,5.0,,25.317671232876716,2579.2,28124778.0,7191.43287234626,94.5991098396151,9.21910004390782,3.361524330495737,8.880784762375026,94.5991098396151,9.21910004390782
2010,Malaysia,MYS,20.3,4.7,1199.9,8500.0,0.6,94.0,96.1,6.8,74.5,77.1,71.9,25.1,26.1,3.208,0.394,1.173,68.4,8.5,5.0,,25.62594520547945,2652.29,28655776.0,8899.34505544675,94.7498776690501,10.0899159275121,3.758239564214293,9.0938453252436,94.7498776690501,10.0899159275121
2011,Malaysia,MYS,17.1,4.6,717.3,,0.5666666666666667,99.0,95.2,6.6,74.6,77.1,72.1,23.5,26.2,3.397,0.434,1.281,101.0,,5.0,,25.154054794520547,2454.76,29162039.0,10217.1068585031,94.8950271076726,11.4533531198278,3.2424769344603184,9.23191660770483,94.8950271076726,11.4533531198278
2012,Malaysia,MYS,17.2,4.7,666.0,,0.5333333333333333,99.0,95.5,6.6,74.75,77.2,72.3,,25.6,,,,101.0,9.0,5.0,,25.392431693989067,2674.74,29662831.0,10600.5744240026,95.0372152977718,9.79375074645921,3.154970324167675,9.26875779963687,95.0372152977718,9.79375074645921
2013,Malaysia,MYS,,4.7,581.1,,0.5,97.0,95.3,,75.05000000000001,77.4,72.7,,29.0,,,,,,5.0,,25.45383561643835,2436.12,30174265.0,10713.6407638899,95.1769234434239,9.11336384538206,3.008556328567919,9.279366380877141,95.1769234434239,9.11336384538206
2004,Myanmar,MMR,23.2,11.2,13.7,,0.88,82.0,78.0,81.0,63.8,65.5,62.1,14.0,,,0.003,0.359,,,39.9,,26.870546448087435,292.6,47068772.0,224.508811413327,65.6650229848345,48.1650901865787,0.25546627233512215,5.418359233182993,65.6650229848345,48.1650901865787
2005,Myanmar,MMR,19.5,9.5,7.8,16000.0,0.9,73.0,72.0,46.5,64.05,65.8,62.3,10.8,250.0,0.731,,0.372,647.0,70.8,36.9,,27.60969863013699,177.17,47438365.0,252.685193060728,66.2119516928638,46.687240402588,0.1522264404770462,5.536094100931666,66.2119516928638,46.687240402588
2006,Myanmar,MMR,17.3,9.4,8.8,,0.9,82.0,78.0,46.3,64.55000000000001,66.4,62.7,10.5,,0.77,,0.407,619.3333333333334,66.2,33.7,,27.244575342465755,243.75,47785135.0,303.495087119254,66.756940787588,43.918958474559,0.16903171033785697,5.71865495276447,66.756940787588,43.918958474559
2007,Myanmar,MMR,18.2,9.7,8.1,,0.9,86.0,81.0,46.5,65.85,68.1,63.6,9.0,,0.791,,0.43,591.6666666666666,64.3,30.1,,27.02909589041096,184.21,48125043.0,419.375780725042,67.3001769970488,43.3227660063537,0.15555957651539293,6.041149027269633,67.3001769970488,43.3227660063537
2008,Myanmar,MMR,20.5,9.8,8.9,,0.9,85.0,82.0,29.5,66.25,68.3,64.2,11.7,,0.812,,0.465,564.0,40.7,26.4,,25.598524590163933,811.87,48390793.0,658.442487229705,67.8416392315072,40.2750956375485,0.16883036182755026,6.491394761727971,67.8416392315072,40.2750956375485
2009,Myanmar,MMR,20.3,9.6,15.1,,0.9,90.0,87.0,27.2,66.45,68.4,64.5,10.0,,0.843,,0.478,544.0,36.5,23.0,22.6,26.17558904109589,572.94,48660459.0,758.442935789255,68.3369194463673,38.1081206105058,0.27026646321691167,6.632585185295102,68.3369194463673,38.1081206105058
2010,Myanmar,MMR,17.3,8.6,27.8,16000.0,0.9,90.0,88.0,27.1,66.6,68.6,64.6,11.7,233.0,0.874,,0.511,525.0,34.9,20.2,,26.14249315068493,836.59,49024382.0,1010.53417343401,68.829818100566,36.853075751266,0.4492042975381707,6.919223440944676,68.829818100566,36.853075751266
2011,Myanmar,MMR,17.35,,35.2,,0.8833333333333333,83.5,84.9,27.0,66.80000000000001,68.7,64.9,11.7,,0.901,,0.539,506.0,33.9,18.0,,24.90676712328767,1043.92,49419820.0,1213.62898703376,69.3199771322654,32.4961825024034,0.5378169598292286,7.102193948676607,69.3199771322654,32.4961825024034
2012,Myanmar,MMR,17.4,8.5,236.4,,0.8666666666666667,85.0,84.0,26.0,68.05,69.5,66.6,8.1,,0.93,,0.568,489.0,29.6,16.5,,25.410464480874317,942.84,49837446.0,1202.6658960055,69.8075314320921,30.5901997024538,1.7480550679527125,7.093127092347858,69.8075314320921,30.5901997024538
2013,Myanmar,MMR,17.2,8.5,219.4,,0.8500000000000001,90.0,86.0,24.3,68.7,69.9,67.5,6.8,200.0,,,,473.0,,15.5,,25.876,775.78,50262658.0,1199.09561597055,70.2923141744914,29.5337253604993,1.6799093472990385,7.090156512577269,70.2923141744914,29.5337253604993
2004,Philippines,PHL,24.6,5.1,12.6,,,,80.0,35.0,67.1,70.1,64.1,,,5.774,0.587,1.11,293.0,40.0,18.6,,27.236885245901643,2218.32,86394504.0,1099.63013023758,66.311449594431,13.9844036917201,0.13614027076642543,7.003638140443542,66.311449594431,13.9844036917201
2005,Philippines,PHL,25.6,5.1,13.8,,,,80.0,27.0,67.1,70.1,64.1,56.1,144.0,,0.6301428571428571,,162.2,34.0,17.6,,27.386630136986305,2132.48,88015962.0,1220.46018559867,66.7468776426565,13.517547003593,0.14564870507406766,7.107802295486814,66.7468776426565,13.517547003593
2006,Philippines,PHL,24.1,5.6,7.1,,,,92.0,25.0,68.85,71.6,66.1,40.7,,,0.6732857142857143,,151.5,32.0,16.4,,27.300438356164385,2310.85,89508986.0,1426.14649179546,67.1831301872284,13.3612491069675,0.07633273719096992,7.2634322693876685,67.1831301872284,13.3612491069675
2007,Philippines,PHL,25.8,4.8,31.1,,,87.0,92.0,23.0,68.85,71.6,66.1,41.0,,,0.7164285714285714,,151.6,,15.0,,27.376136986301372,2485.98,91075184.0,1712.65543282793,68.2064372279476,13.606507617711,0.29377058598599204,7.4463840479260694,68.2064372279476,13.606507617711
2008,Philippines,PHL,24.7,4.8,34.1,,,87.0,92.0,24.5,68.85,71.6,66.1,26.2,,,0.7595714285714286,,273.1,,13.8,20.7,26.86546448087432,2642.53,92699095.0,1959.29233534978,69.2399098229444,14.5160747573134,0.3132451949048231,7.580848891791368,69.2399098229444,14.5160747573134
2009,Philippines,PHL,24.4,4.8,95.8,,,87.0,88.0,23.0,68.85,71.6,66.1,21.6,,,0.8027142857142857,,340.4,,13.0,,26.90868493150685,3225.56,94384250.0,1864.45043406471,70.2836819040094,14.5402133153152,0.7006191231003382,7.531257822522494,70.2836819040094,14.5402133153152
2010,Philippines,PHL,25.1,5.8,122.2,,,87.0,88.0,24.5,68.85,71.6,66.1,21.0,129.0,,0.8458571428571429,,316.4,36.0,13.0,,27.78068493150685,1856.17,96337125.0,2162.91375885614,71.3424056654417,13.7488650524217,0.8191021500383202,7.679673786517955,71.3424056654417,13.7488650524217
2011,Philippines,PHL,24.85,,187.9,,,81.0,79.0,23.9,70.35,73.1,67.6,9.8,,,0.889,,292.4,25.0,13.4,20.2,26.89427397260274,3898.38,98248614.0,2383.91892522087,72.4331957075581,14.0957351510823,1.0690101614502527,7.776920409126562,72.4331957075581,14.0957351510823
2012,Philippines,PHL,24.6,6.0,215.4,,,86.0,85.0,27.0,65.2,,65.2,,,,,,461.0,,13.9,,27.14404371584699,3837.86,100175512.0,2614.61644401308,73.5302350229801,13.0958070106782,1.147474226508047,7.869255082566379,73.5302350229801,13.0958070106782
2013,Philippines,PHL,24.4,6.0,265.9,,,98.0,90.0,20.0,68.80000000000001,72.2,65.4,,120.0,,,,,,14.0,19.9,27.49641095890411,3469.22,102076336.0,2781.27957677397,74.6335366418639,12.4734251044125,1.2822977062181238,7.931025862320517,74.6335366418639,12.4734251044125
2004,Singapore,SGP,11.4,4.4,,,,,94.0,2.0,79.55,82.0,77.1,,,4.418,0.294,1.484,40.0,3.0,2.5,,26.76087431693989,2302.52,4166664.0,27608.080013423,100.0,0.0556489896262466,,10.225899983594802,100.0,0.0556489896262466
2005,Singapore,SGP,10.4,4.4,50.9,,,,96.0,2.1,80.05,82.5,77.6,3.9,13.3,4.486,0.296,1.501,37.2,2.9,2.5,,26.933232876712328,2163.06,4265762.0,29961.3172812732,100.0,0.0550481142142599,2.559721678697347,10.30769578047701,100.0,0.0550481142142599
2006,Singapore,SGP,10.1,4.3,107.1,,,,93.0,2.6,80.19999999999999,82.6,77.8,4.1,10.4,4.535,0.308,1.502,35.9,2.9,2.5,,26.82112328767123,2805.11,4401365.0,33768.4528234651,100.0,0.0488654244516825,3.232122112891293,10.42731191021207,100.0,0.0488654244516825
2007,Singapore,SGP,10.3,4.5,174.8,,,96.0,95.0,2.1,80.5,82.9,78.1,3.4,7.6,4.719,0.313,1.56,35.0,2.9,2.5,,26.698657534246575,2857.97,4588599.0,39432.8860198877,100.0,0.0428679973714474,3.6659796481581197,10.58238077692004,100.0,0.0428679973714474
2008,Singapore,SGP,10.2,4.4,307.1,,,96.0,95.0,2.1,80.85,83.3,78.4,3.1,7.5,4.992,0.319,1.617,40.3,2.7,2.5,,26.686857923497268,2506.88,4839396.0,40008.5720489092,100.0,0.0414321884664469,4.1660190057992414,10.596874005690832,100.0,0.0414321884664469
2009,Singapore,SGP,9.9,4.3,488.8,,,97.0,95.0,2.2,81.30000000000001,83.7,78.9,3.4,0.0,5.396,0.334,1.676,39.4,2.8,2.5,,26.96134246575342,2139.73,4987573.0,38926.8054365453,100.0,0.0406877612701381,4.595155991834929,10.569464066977144,100.0,0.0406877612701381
2010,Singapore,SGP,9.3,4.4,355.7,,,97.0,95.0,2.0,81.6,84.0,79.2,3.7,2.6,5.777,0.357,1.736,39.9,2.9,2.5,,27.28109589041096,2292.94,5076732.0,47236.683084953,100.0,0.0361489888834213,4.263591548593738,10.762947223489407,100.0,0.0361489888834213
2011,Singapore,SGP,9.5,4.5,360.2,,,96.0,95.0,2.0,81.8,84.1,79.5,2.9,,5.194,0.388,1.747,41.0,2.9,2.5,,26.707589041095893,2956.54,5183688.0,53891.4570264372,100.0,0.0346076007512354,4.255431229405079,10.894745803253148,100.0,0.0346076007512354
2012,Singapore,SGP,10.1,4.5,484.1,,,96.0,95.0,1.8,82.05,84.3,79.8,2.7,2.0,5.55,0.374,1.82,41.5,2.7,2.5,,27.120628415300544,2352.19,5312437.0,55547.5553077786,100.0,0.033272726533169,4.52315488807929,10.925012787668896,100.0,0.033272726533169
2013,Singapore,SGP,9.3,4.6,577.8,,,96.0,95.0,2.0,82.3,84.5,80.1,2.1,3.0,5.649,0.404,1.913,37.6,2.6,2.5,,27.1658904109589,2682.16,5399162.0,56967.4257940383,100.0,0.0343752167938134,4.682284987450976,10.950252459900955,100.0,0.0343752167938134
2014,Singapore,SGP,9.8,4.7,905.3,,,96.0,94.0,1.8,82.7,84.9,80.5,1.1,2.0,,,,36.9,2.6,2.5,,27.31786301369863,2071.71,5469724.0,57564.8023114977,100.0,0.0345408510735362,5.115061934407868,10.960683960498656,100.0,0.0345408510735362
2004,Thailand,THA,14.5,6.8,242.4,,1.56,,96.0,7.5,71.45,75.0,67.9,,,1.479,0.113,0.289,142.0,11.3,15.0,,28.136666666666667,1068.66,65452047.0,2641.56268717857,93.2050846909476,9.29111013904814,1.548301533027452,7.879504440141754,93.2050846909476,9.29111013904814
2005,Thailand,THA,13.0,6.8,276.0,42000.0,1.5,,96.0,7.6,73.25,76.8,69.7,45.2,,1.5075,0.11649999999999999,0.2875,51.9,10.8,13.4,,27.76367123287671,1373.04,66017420.0,2867.70383436062,93.4725323543909,9.19435528237181,1.6449430248434516,7.961615581081763,93.4725323543909,9.19435528237181
2006,Thailand,THA,12.9,7.9,360.6,,1.46,,96.0,7.4,73.75,77.6,69.9,46.3,11.7,1.536,0.12,0.286,53.4,10.4,11.7,7.0,27.586191780821917,1309.08,66567687.0,3331.32043511773,93.7441160220544,9.40199346621521,1.858957366112089,8.111424167665712,93.7441160220544,9.40199346621521
2007,Thailand,THA,14.6,8.5,407.5,,1.42,98.0,96.0,7.2,73.55,77.0,70.1,49.1,12.2,1.524,0.12,0.295,53.8,10.0,10.4,,27.604958904109587,1289.3,67102394.0,3918.52817434581,94.0200504764456,9.3476847010693,1.956257666803141,8.273726561852925,94.0200504764456,9.3476847010693
2008,Thailand,THA,14.5,9.0,614.8,,1.3800000000000001,98.0,96.0,7.3,73.69999999999999,77.1,70.3,45.7,11.3,1.586,0.129,0.317,54.3,9.9,9.7,,27.37314207650273,1394.61,67619830.0,4309.13509292986,94.3003992134307,10.0724338253633,2.311743771730591,8.368724526673832,94.3003992134307,10.0724338253633
2009,Thailand,THA,14.4,6.2,648.9,,1.34,99.0,98.0,7.1,73.85,77.3,70.4,36.6,10.8,1.65,0.126,0.34,63.1,9.8,9.5,,27.447205479452055,1443.72,68121080.0,4135.43986952819,94.5853633004337,9.78703375942043,2.3538185304029393,8.327590761966666,94.5853633004337,9.78703375942043
2010,Thailand,THA,12.1,6.5,583.7,23000.0,1.3,99.0,98.0,7.0,74.0,77.4,70.6,40.3,10.2,2.08,0.13,0.394,63.7,9.8,9.3,,28.104164383561645,1479.0,68579447.0,4973.86288823778,94.8749317339833,10.5221756369849,2.252480186370415,8.512153089059694,94.8749317339833,10.5221756369849
2011,Thailand,THA,12.4,6.5,1009.4,,1.2666666666666666,99.0,98.0,6.6,74.15,77.5,70.8,33.0,8.9,,,,66.9,9.0,8.9,,26.84268493150685,1591.0,69007208.0,5373.6232832898,95.1764985756383,11.5917917775207,2.74902946120255,8.589443763709863,95.1764985756383,11.5917917775207
2012,Thailand,THA,12.5,6.5,1253.4,,1.2333333333333334,99.0,98.0,6.8,74.25,77.6,70.9,,17.6,,,,159.0,9.0,8.6,9.2,28.30808743169399,1384.11,69436098.0,5725.52802835463,95.4825472825224,11.5041001535767,2.9471263934421295,8.652864697325859,95.4825472825224,11.5041001535767
2013,Thailand,THA,10.2,7.7,991.1,,1.2000000000000002,100.0,98.0,,74.44999999999999,77.8,71.1,,26.0,,,,,9.0,8.3,,27.799917808219178,1407.3,69845114.0,6018.08244729255,95.7914583178376,11.3222153379773,2.7206352734692034,8.702690109292892,95.7914583178376,11.3222153379773
2004,Vietnam,VNM,19.2,5.4,189.0,,0.36,,97.0,18.0,72.15,74.9,69.4,,,0.8029999999999999,0.28200000000000003,0.9836666666666667,176.0,26.8,19.9,23.8,23.07879781420765,1360.38,80338971.0,565.452284586212,56.9263485038899,21.8076993514673,1.2097158807812174,6.339392848476184,56.9263485038899,21.8076993514673
2005,Vietnam,VNM,18.6,5.3,274.5,10000.0,0.4,,95.0,17.8,72.25,75.0,69.5,99.3,80.0,0.827,0.276,1.201,116.0,24.1,19.0,22.7,23.564273972602734,1560.36,81088313.0,710.746759994861,58.966321324654,19.2999788840494,1.4782347928251915,6.567722173980397,58.966321324654,19.2999788840494
2006,Vietnam,VNM,17.4,5.3,305.4,,0.4,,96.4,16.0,72.9,75.6,70.2,91.6,75.1,0.876,0.284,1.196,118.0,24.1,18.5,22.1,23.624794520547944,1212.07,82167897.0,807.756645117054,61.0003176611455,18.7267854535521,1.5511263731756626,6.6954980623093965,61.0003176611455,18.7267854535521
2007,Vietnam,VNM,16.9,5.3,299.3,,0.4,92.0,82.8,13.0,72.9,75.6,70.2,70.9,75.0,0.946,0.31,1.208,117.0,22.5,17.8,22.6,23.440109589041093,1372.52,83633375.0,925.640338348717,63.0278584517406,18.655099701709,1.5214183555244367,6.8315655057590465,63.0278584517406,18.655099701709
2008,Vietnam,VNM,16.7,5.3,519.1,,0.4,92.0,95.6,15.0,73.3,76.0,70.6,60.5,76.0,1.017,0.328,1.237,116.0,24.1,16.8,20.2,22.47357923497268,1797.32,85175788.0,1163.83195772873,65.0481671536166,20.4131439246507,1.959313481327373,7.0603321133029455,65.0481671536166,20.4131439246507
2009,Vietnam,VNM,17.6,6.8,916.9,,0.4,96.0,97.0,16.0,72.9,75.6,70.2,60.9,69.0,0.968,0.322,1.124,114.0,23.8,15.6,,23.202246575342464,1376.07,86460018.0,1226.16976051536,67.0613483120441,19.1684598670425,2.451427577306211,7.112465789269109,67.0613483120441,19.1684598670425
2010,Vietnam,VNM,17.1,6.8,631.3,8600.0,0.4,93.0,97.8,15.8,73.0,75.7,70.3,62.0,69.0,1.064,0.316,1.127,62.0,23.3,14.5,17.5,23.48068493150685,1313.72,87455152.0,1683.16182443979,69.0697259411946,15.3750906872381,2.1063946466916494,7.4290232854584515,69.0697259411946,15.3750906872381
2011,Vietnam,VNM,16.6,6.9,648.2,,0.4,95.0,96.5,15.5,73.1,75.8,70.4,51.6,,1.13,0.31,1.152,323.0,23.2,13.6,12.0,22.07150684931507,1598.74,88468314.0,1950.92504174913,71.0691084361626,16.2591484896283,2.1194932880341435,7.576571365492437,71.0691084361626,16.2591484896283
2012,Vietnam,VNM,16.9,7.0,671.4,,0.4,97.0,96.4,15.4,73.15,75.8,70.5,,,1.274,,1.266,218.0,23.1,13.0,,23.18418032786885,1770.24,89510356.0,2185.11767654291,73.0592696760739,16.199507640393,2.1401612252041193,7.689882499191949,73.0592696760739,16.199507640393
2013,Vietnam,VNM,17.0,7.1,707.2,,0.4,83.0,97.7,15.3,73.2,75.9,70.5,,49.0,1.226,,1.18,,22.4,12.5,,22.78978082191781,1982.14,90573104.0,2359.51736472828,75.0388383321338,15.2156122465127,2.175666922559536,7.766636096336441,75.0388383321338,15.2156122465127
2014,Vietnam,VNM,17.2,6.9,893.1,,0.4,95.0,86.2,14.9,73.3,76.0,70.6,,,,,,,,11.8,,23.02202739726028,1444.56,91679578.0,2546.38464459903,77.008286684504,14.8803489262722,2.3741181874607062,7.8428224822655555,77.008286684504,14.8803489262722
